track_id,title,artist_id,album,duration_sec
401,Hair forward.,102,Size,300
402,Himself another lawyer.,117,Small,300
403,Develop member.,145,Among,185
404,Manager second away.,126,Stay,237
405,Appear research.,119,Never,174
406,Entire until.,123,Image,272
407,Plant economy section.,140,Pull,228
408,Born firm.,146,Serious,278
409,Agency cell.,131,Across,250
410,Happy different.,139,Read,204
411,Reveal event.,102,None,271
412,Movie including.,121,Pattern,271
413,Thing culture often.,138,To,269
414,Consider exactly.,123,Walk,276
415,Century.,106,Car,129
416,Attorney environment trade.,119,Step,260
417,Mention enough.,104,Truth,286
418,Inside at down.,117,Produce,121
419,Boy me.,137,American,184
420,Money act.,130,Do,246
421,West day ok man.,135,Compare,212
422,Collection line physical.,112,Try,180
423,It leave man.,118,Voice,157
424,Effect region ago.,135,Through,198
425,Foot marriage writer already.,114,Help,178
426,Best individual wear.,130,Become,197
427,Water similar lot.,129,Suggest,294
428,Society already happy.,120,Defense,201
429,According thought capital.,108,Walk,282
430,Option policy happen.,105,Many,163
431,Respond agent security.,124,Want,208
432,Term nice act.,145,Year,163
433,Woman system.,138,Necessary,198
434,Add.,135,Deal,154
435,Wait draw.,111,Education,281
436,Example candidate along.,141,Decade,172
437,Mean model.,114,Inside,244
438,Instead newspaper ahead environmental.,126,Which,290
439,Child power.,116,Ability,176
440,Key network.,129,Region,251
441,Worry field senior.,116,Little,237
442,Bring both.,128,Nearly,125
443,Since trial PM.,131,Him,252
444,Occur case.,127,Seek,279
445,Course small lot.,108,Effect,233
446,Mother research.,146,My,195
447,Green but watch large.,149,Fall,177
448,Base stock.,130,Arm,223
449,Century.,112,Glass,255
450,Environment amount way.,101,Letter,207
451,Itself upon.,129,Have,200
452,Summer respond establish.,116,Art,141
453,History yard per.,146,Wear,134
454,Price then.,113,List,255
455,Indeed walk piece.,114,Strategy,228
456,Reach skill.,117,Memory,271
457,Public.,103,Others,244
458,Save film focus.,148,Beautiful,204
459,Themselves environmental.,128,Consumer,254
460,Office control.,103,Near,216
461,Sport rather experience.,133,Each,198
462,Continue eat.,124,Smile,225
463,Education and management.,125,Have,273
464,Note on a.,131,Hair,226
465,Less happy.,129,Explain,231
466,People.,137,Player,209
467,Computer doctor.,125,Staff,123
468,Feeling heart detail.,134,Couple,201
469,Improve line action.,139,Camera,154
470,Member fine.,145,Go,172
471,Stuff fish.,140,Second,188
472,Miss whatever because.,114,Arm,184
473,Tree join.,117,Save,258
474,Consider.,121,Whom,144
475,City enter.,136,Light,269
476,Language education successful despite.,128,Southern,293
477,Cell name morning.,103,Season,142
478,State daughter.,124,Guy,278
479,Consumer enough.,148,Get,145
480,Why color.,101,Establish,163
481,Fact among.,122,Occur,134
482,Resource consumer.,122,Time,232
483,There through.,122,Run,203
484,Nice work box.,138,Price,245
485,Short necessary us.,123,Size,122
486,Another.,149,Whether,279
487,Somebody cut.,117,Operation,256
488,Beat morning sometimes.,107,People,207
489,Report fine.,113,None,227
490,Trip all thing.,127,Authority,298
491,Factor.,136,Help,126
492,Southern investment although use.,116,Than,274
493,Road get bad.,109,Best,208
494,Out serious late.,101,Return,164
495,Available military give.,111,How,213
496,Reality despite.,135,Do,211
497,Require reality.,106,Him,164
498,Fill city threat.,102,Admit,134
499,Smile paper treatment.,139,Him,128
500,Economy behavior country.,124,Factor,268
501,Vote front.,127,Like,267
502,Analysis somebody.,121,Maintain,198
503,Decision movie treatment.,106,Role,129
504,Data whole.,102,Artist,279
505,Worry blue.,121,Whom,292
506,Third seven despite.,137,Dog,196
507,Try position.,118,Beyond,182
508,Write show.,105,Maybe,128
509,See left music.,128,Enter,193
510,Member worry expert including.,110,Scene,181
511,Hold school dog cover.,101,Three,282
512,Information herself resource yourself.,149,Cover,294
513,Guess degree benefit.,108,Compare,221
514,Provide interesting senior institution.,144,Camera,201
515,Base concern power work.,102,Need,150
516,Seat sell.,132,Room,190
517,Whom community several.,141,Wind,230
518,Set.,104,To,133
519,Everybody south.,111,Policy,145
520,Service bad try.,132,Who,268
521,Shoulder hear office.,122,Camera,275
522,Suddenly serious.,118,Thing,165
523,War second research.,108,Other,183
524,Thing vote.,147,Arrive,260
525,Admit everyone together.,136,Fund,164
526,Body.,142,Court,294
527,Let no.,112,Hear,250
528,Affect recent information.,114,Magazine,178
529,Task actually strategy.,143,Risk,233
530,On age space.,112,Treat,156
531,Yeah base sea.,137,Big,172
532,Or guy bar.,147,Career,178
533,Now window result class.,148,Picture,184
534,Tonight include.,121,Actually,268
535,National area them.,137,Eye,162
536,Training describe cultural.,101,Democratic,257
537,Fish billion.,114,Player,216
538,Star about.,124,Ago,266
539,Authority relationship just sometimes.,130,Story,247
540,By current.,117,Boy,176
541,Write finish.,110,Son,167
542,Onto.,103,Final,132
543,Strong smile.,132,My,128
544,Around represent order stand.,125,Over,232
545,Suddenly allow appear.,107,Remain,219
546,Party point community.,130,Authority,253
547,Page run across partner.,115,Drug,168
548,Relationship.,144,Represent,131
549,Ability practice more.,141,Whose,295
550,Law hundred happen.,113,Already,159
551,North suddenly.,130,Right,254
552,Program glass.,144,Interview,183
553,Tonight news service friend.,101,Fund,216
554,Admit reason.,132,Return,286
555,Customer.,121,Better,273
556,Medical themselves leave military.,139,Hotel,249
557,Film chair change.,127,Take,184
558,Race son fall.,143,Individual,231
559,He such so.,143,Environment,130
560,Force source.,101,Choice,240
561,Thought morning.,113,Senior,288
562,Strategy the.,122,Bank,270
563,Society newspaper.,108,Story,230
564,Position pull guy.,126,Glass,143
565,Compare power.,108,Think,157
566,Son dinner then.,134,Worker,213
567,Fact.,111,His,173
568,Radio reveal.,134,You,272
569,Can not discover.,138,Church,298
570,Expert.,115,Letter,268
571,Class evening technology.,146,Summer,194
572,Believe short.,116,Arrive,275
573,Data energy everybody.,138,Huge,262
574,Start behind wrong.,137,Show,134
575,Government kitchen.,123,Or,285
576,But every even.,108,Sell,131
577,Air line late.,144,Less,259
578,May source operation democratic.,115,Story,268
579,Property make.,102,Focus,193
580,Single him.,131,Sell,195
581,Either someone guess.,117,When,178
582,Heart skill.,132,Huge,255
583,Top information large.,147,Hotel,179
584,Young third teacher.,113,Feeling,273
585,Ground big group personal.,122,Increase,287
586,Return check best.,102,Simply,245
587,Car end rather.,127,Toward,156
588,Visit very.,145,Per,177
589,Three care.,147,Western,250
590,Specific live past local.,107,Another,197
591,Power measure.,148,Sign,213
592,Across whom.,137,Candidate,281
593,Manager value focus.,132,Charge,161
594,Alone color couple.,109,Follow,280
595,Full upon management.,111,Person,176
596,Bank black.,104,Method,136
597,Analysis former.,128,Store,198
598,Have entire detail.,138,Suggest,127
599,Nature food.,144,Market,213
600,Report raise.,124,Focus,222
