user_id,username,email,country,registration_date
201,julie25,thomaslawrence@example.net,Cocos (Keeling) Islands,2025-12-20
202,matthew35,johnsonzachary@example.net,Montenegro,2025-05-10
203,katherine14,brenda48@example.net,Vietnam,2025-01-23
204,durhamrachael,graydarren@example.com,Burkina Faso,2025-04-08
205,dennis82,waynejohnson@example.com,Liberia,2025-06-21
206,robert92,kyle97@example.com,Slovenia,2025-03-18
207,nelsonrachel,keithorr@example.com,South Georgia and the South Sandwich Islands,2025-09-09
208,ojones,griffinsherri@example.com,Reunion,2025-01-14
209,destinymclean,huynhjason@example.net,San Marino,2025-01-23
210,jennifer75,woodardbarry@example.com,Honduras,2025-09-03
211,morrisdarrell,matthewjohnson@example.org,Madagascar,2025-06-11
212,akelly,tlee@example.com,French Southern Territories,2025-07-07
213,willissean,ocase@example.net,Malaysia,2025-06-08
214,kaylamorris,ruizkathleen@example.net,Papua New Guinea,2025-09-27
215,kanechristopher,kathryn35@example.net,Zimbabwe,2025-04-02
216,nicole24,smithwilliam@example.com,Equatorial Guinea,2025-06-04
217,michaelhernandez,joneschristopher@example.org,Netherlands Antilles,2025-09-21
218,ryan93,grahamhailey@example.org,Jamaica,2025-01-08
219,teresadyer,cbrooks@example.org,South Africa,2025-07-21
220,tammy33,judithbailey@example.com,Syrian Arab Republic,2025-07-18
221,rachelflores,gregorykline@example.com,Holy See (Vatican City State),2025-04-27
222,christinecross,christina55@example.net,Barbados,2025-12-25
223,lsmith,zmccall@example.com,Isle of Man,2025-01-30
224,donald12,jasmine98@example.org,Costa Rica,2025-05-02
225,michelle96,gjones@example.com,Iceland,2025-08-18
226,ashleybutler,elizabeth39@example.net,Dominican Republic,2025-05-09
227,laurie07,fleminglindsay@example.net,Kazakhstan,2025-02-28
228,jacksonjennifer,michaelbrown@example.net,Western Sahara,2025-01-17
229,brendan56,darrenblack@example.com,Monaco,2025-10-07
230,gonzalezanthony,wagnertamara@example.net,Cocos (Keeling) Islands,2025-10-17
231,opowell,rjackson@example.com,Bahamas,2025-02-19
232,pgaines,allensteven@example.org,Dominica,2025-05-27
233,orussell,vargaswilliam@example.com,Mauritius,2025-08-24
234,collinburnett,juliehill@example.com,Cote d'Ivoire,2025-06-05
235,jeffrey44,thompsoncindy@example.com,Saint Helena,2025-08-25
236,david11,michaelanderson@example.com,Micronesia,2025-05-12
237,sli,christopherhill@example.com,Somalia,2025-12-06
238,angel95,dcervantes@example.net,Gambia,2025-11-23
239,gordonjulie,diazbarbara@example.org,New Caledonia,2025-04-29
240,troy23,rhickman@example.com,French Southern Territories,2025-05-27
241,sanderschad,briangonzalez@example.com,United Kingdom,2025-12-04
242,xcastro,nolankristen@example.org,Switzerland,2025-08-25
243,dkane,bethescobar@example.net,Eritrea,2025-11-17
244,orichmond,mario15@example.org,Liechtenstein,2025-02-13
245,robertcurtis,chrislynch@example.com,Bouvet Island (Bouvetoya),2025-09-06
246,john24,smithcynthia@example.org,Uganda,2025-01-13
247,ortizjeffrey,rachelli@example.net,Grenada,2025-04-01
248,nsmith,fmalone@example.org,Slovakia (Slovak Republic),2025-04-10
249,gina80,ejohnson@example.com,Luxembourg,2025-09-25
250,lgreen,vacevedo@example.org,Greece,2025-08-17
251,pamela08,patricia91@example.com,Armenia,2025-04-20
252,jason15,brian48@example.org,Vietnam,2025-11-19
253,oconnorjeffrey,awelch@example.com,Cape Verde,2025-07-08
254,aaron76,johnsonbrian@example.org,Sweden,2025-12-08
255,stacygreen,julie81@example.org,Puerto Rico,2025-03-18
256,kathleenmann,dianabrown@example.com,Niger,2025-02-11
257,patriciawilson,danielsduane@example.com,Congo,2025-05-24
258,shelia21,landrycourtney@example.org,Syrian Arab Republic,2025-02-11
259,obrienluis,ywilson@example.com,Liechtenstein,2025-04-19
260,curtis79,hernandezrobert@example.com,Denmark,2025-08-29
261,sharris,angelica10@example.org,Suriname,2025-04-22
262,lanejeremiah,michael81@example.net,France,2025-01-08
263,ericnielsen,yhuang@example.com,Kuwait,2025-07-14
264,orozcokurt,dawsonvickie@example.com,Jordan,2025-03-17
265,colekyle,williamsjennifer@example.com,Austria,2025-12-04
266,wjohnson,rasmussenmary@example.com,South Georgia and the South Sandwich Islands,2025-07-03
267,qbarnes,bharmon@example.net,Greenland,2025-01-18
268,bethanyandrews,robertdixon@example.org,Togo,2025-07-27
269,heather29,john00@example.org,Sudan,2025-04-24
270,john58,janetwaters@example.org,Kazakhstan,2025-03-21
271,allisonlisa,christian74@example.com,Moldova,2025-12-26
272,carranna,darius10@example.com,Malaysia,2025-06-02
273,antoniomartin,timothyross@example.org,Djibouti,2025-03-06
274,sheilavelasquez,justin75@example.com,Honduras,2025-03-20
275,rileyjames,peterscristina@example.net,Ecuador,2025-10-24
276,tylerdiaz,adam99@example.org,Korea,2025-09-01
277,corey79,lwilson@example.org,Peru,2025-04-29
278,jordan98,klinegail@example.net,Korea,2025-07-03
279,david49,teresawalters@example.org,Kazakhstan,2025-10-22
280,brian59,melissa77@example.net,Jersey,2025-03-28
281,mcarter,jonathan20@example.com,Ireland,2025-03-04
282,salinasjonathan,davidgonzales@example.com,Guam,2025-01-20
283,jasonlopez,igonzalez@example.org,Finland,2025-05-28
284,lchambers,wtaylor@example.org,Lao People's Democratic Republic,2025-07-20
285,meganboone,michaelsmith@example.org,Suriname,2025-09-17
286,kennedymark,hallkaren@example.org,Palestinian Territory,2025-04-28
287,angelicawright,maysdonna@example.com,Rwanda,2025-12-10
288,ithomas,ashleybrown@example.org,Uruguay,2025-05-15
289,anthonyanderson,smartin@example.org,Isle of Man,2025-01-23
290,parkerbrandon,isaiahho@example.org,Niue,2025-01-07
291,nicholas25,joanne61@example.com,Suriname,2025-11-08
292,paul47,tinabecker@example.org,Ukraine,2025-07-22
293,kari76,donald02@example.com,Italy,2025-04-14
294,mwilson,dduffy@example.com,Malaysia,2025-03-31
295,josecisneros,brownbrandon@example.org,Bolivia,2025-02-02
296,qmorrison,gwatkins@example.com,Taiwan,2025-05-21
297,joycegreen,george24@example.com,North Macedonia,2025-08-05
298,cochoa,hartoscar@example.net,Mayotte,2025-03-07
299,bakercynthia,sandersvictoria@example.com,Senegal,2025-12-15
300,bonnie43,harmongarrett@example.net,Bhutan,2025-02-17
